h_m,r_m,rel_az_deg,tilt_deg,convergence_angle_deg,subject_pos_name,mpjpe_mm,pck30,pck50,detection_coverage,joint_visibility_cam_a,joint_visibility_cam_b,joint_visibility_either,joint_visibility_both,unique_contribution_cam_b,jitter_variance,id_drops
1.5,1.5,60,18.434948822922,41.4096221092708,center,128.963829770237,0.000292397660818713,0.0154970760233918,1,1,1,1,1,0,3621.07567123172,0
1.5,1.5,90,18.434948822922,60,center,130.34527848761,0.00318840579710145,0.00956521739130435,1,1,1,1,1,0,3104.59221635313,3
1.5,1.5,120,18.434948822922,75.5224878140701,center,141.439727507815,0.00407569141193595,0.0131004366812227,1,1,1,1,0.866666666666667,0,2903.32214981212,1
